{
  "_format": "hh-sol-cache-2",
  "files": {
    "D:\\Final\\final_votesecure\\contracts\\VoteContract.sol": {
      "lastModificationDate": 1765047515438,
      "contentHash": "6abc7c3eeade24c92d449ff5f48a9411",
      "sourceName": "contracts/VoteContract.sol",
      "solcConfig": {
        "version": "0.8.19",
        "settings": {
          "optimizer": {
            "enabled": false,
            "runs": 200
          },
          "outputSelection": {
            "*": {
              "*": [
                "abi",
                "evm.bytecode",
                "evm.deployedBytecode",
                "evm.methodIdentifiers",
                "metadata"
              ],
              "": [
                "ast"
              ]
            }
          }
        }
      },
      "imports": [],
      "versionPragmas": [
        ">=0.8.19 <0.9.0"
      ],
      "artifacts": [
        "VoteContract"
      ]
    }
  }
}
